<?xml version="1.0" encoding="UTF-8"?>
<project-private xmlns="http://www.netbeans.org/ns/project-private/1">
    <editor-bookmarks xmlns="http://www.netbeans.org/ns/editor-bookmarks/2" lastBookmarkId="0"/>
    <open-files xmlns="http://www.netbeans.org/ns/projectui-open-files/2">
        <group>
            <file>file:/C:/Users/PRASANNAPATHI/Documents/NetBeansProjects/CATPROJECT/src/java/Controller/DataServlet.java</file>
            <file>file:/C:/Users/PRASANNAPATHI/Documents/NetBeansProjects/CATPROJECT/src/java/Controller/LogoutServlet.java</file>
            <file>file:/C:/Users/PRASANNAPATHI/Documents/NetBeansProjects/CATPROJECT/src/java/model/Update.java</file>
            <file>file:/C:/Users/PRASANNAPATHI/Documents/NetBeansProjects/CATPROJECT/web/adminhome.jsp</file>
            <file>file:/C:/Users/PRASANNAPATHI/Documents/NetBeansProjects/CATPROJECT/web/adminLogin.jsp</file>
            <file>file:/C:/Users/PRASANNAPATHI/Documents/NetBeansProjects/CATPROJECT/src/java/Controller/displayshortlistdao.java</file>
            <file>file:/C:/Users/PRASANNAPATHI/Documents/NetBeansProjects/CATPROJECT/src/java/Controller/LoginServlet.java</file>
            <file>file:/C:/Users/PRASANNAPATHI/Documents/NetBeansProjects/CATPROJECT/src/java/model/LoginDao.java</file>
            <file>file:/C:/Users/PRASANNAPATHI/Documents/NetBeansProjects/CATPROJECT/src/java/model/Employee.java</file>
            <file>file:/C:/Users/PRASANNAPATHI/Documents/NetBeansProjects/CATPROJECT/web/Home.jsp</file>
            <file>file:/C:/Users/PRASANNAPATHI/Documents/NetBeansProjects/CATPROJECT/src/java/Controller/UpdateServlet.java</file>
            <file>file:/C:/Users/PRASANNAPATHI/Documents/NetBeansProjects/CATPROJECT/web/login.jsp</file>
            <file>file:/C:/Users/PRASANNAPATHI/Documents/NetBeansProjects/CATPROJECT/src/java/model/EmployeeDao.java</file>
            <file>file:/C:/Users/PRASANNAPATHI/Documents/NetBeansProjects/CATPROJECT/src/java/model/DBConnection.java</file>
            <file>file:/C:/Users/PRASANNAPATHI/Documents/NetBeansProjects/CATPROJECT/web/index.html</file>
            <file>file:/C:/Users/PRASANNAPATHI/Documents/NetBeansProjects/CATPROJECT/web/adminhomeshortlist.jsp</file>
            <file>file:/C:/Users/PRASANNAPATHI/Documents/NetBeansProjects/CATPROJECT/src/java/model/UpdateDao.java</file>
            <file>file:/C:/Users/PRASANNAPATHI/Documents/NetBeansProjects/CATPROJECT/src/java/Controller/EmployeeServlet.java</file>
            <file>file:/C:/Users/PRASANNAPATHI/Documents/NetBeansProjects/CATPROJECT/web/employeedetails.jsp</file>
        </group>
    </open-files>
</project-private>
